movie,type,rank,word,count
雷霆特工队,好评,1,漫威,193
雷霆特工队,好评,2,电影,106
雷霆特工队,好评,3,角色,92
雷霆特工队,好评,4,真的,66
雷霆特工队,好评,5,哨兵,62
雷霆特工队,好评,6,没有,58
雷霆特工队,好评,7,喜欢,54
雷霆特工队,好评,8,故事,52
雷霆特工队,好评,9,英雄,50
雷霆特工队,好评,10,最后,50
雷霆特工队,好评,11,一部,46
雷霆特工队,好评,12,叶莲娜,45
雷霆特工队,好评,13,有点,43
雷霆特工队,好评,14,不错,43
雷霆特工队,好评,15,复联,41
雷霆特工队,好评,16,这部,40
雷霆特工队,好评,17,感觉,40
雷霆特工队,好评,18,不是,39
雷霆特工队,好评,19,好看,37
雷霆特工队,好评,20,人物,36
雷霆特工队,好评,21,已经,35
雷霆特工队,好评,22,冬兵,35
雷霆特工队,好评,23,觉得,34
雷霆特工队,好评,24,反派,33
雷霆特工队,好评,25,确实,33
雷霆特工队,好评,26,终于,33
雷霆特工队,好评,27,美队,32
雷霆特工队,好评,28,超英,32
雷霆特工队,好评,29,虚无,32
雷霆特工队,好评,30,世界,31
雷霆特工队,好评,31,动作,29
雷霆特工队,好评,32,看到,28
雷霆特工队,好评,33,期待,28
雷霆特工队,好评,34,这种,28
雷霆特工队,好评,35,孤独,28
雷霆特工队,好评,36,时代,27
雷霆特工队,好评,37,超级英雄,27
雷霆特工队,好评,38,彩蛋,26
雷霆特工队,好评,39,塑造,24
雷霆特工队,好评,40,可能,24
雷霆特工队,好评,41,几个,24
雷霆特工队,好评,42,非常,24
雷霆特工队,好评,43,巴基,24
雷霆特工队,好评,44,作品,24
雷霆特工队,好评,45,宇宙,23
雷霆特工队,好评,46,拯救,23
雷霆特工队,好评,47,小队,23
雷霆特工队,好评,48,心理,23
雷霆特工队,好评,49,一次,23
雷霆特工队,好评,50,演员,23
雷霆特工队,差评,1,漫威,110
雷霆特工队,差评,2,电影,90
雷霆特工队,差评,3,没有,70
雷霆特工队,差评,4,真的,51
雷霆特工队,差评,5,哨兵,49
雷霆特工队,差评,6,角色,48
雷霆特工队,差评,7,无聊,45
雷霆特工队,差评,8,剧情,43
雷霆特工队,差评,9,反派,32
雷霆特工队,差评,10,最后,32
雷霆特工队,差评,11,小队,30
雷霆特工队,差评,12,一部,29
雷霆特工队,差评,13,已经,29
雷霆特工队,差评,14,动作,28
雷霆特工队,差评,15,冬兵,28
雷霆特工队,差评,16,人物,27
雷霆特工队,差评,17,超英,26
雷霆特工队,差评,18,不是,26
雷霆特工队,差评,19,英雄,24
雷霆特工队,差评,20,故事,22
雷霆特工队,差评,21,感觉,22
雷霆特工队,差评,22,小时,21
雷霆特工队,差评,23,这种,21
雷霆特工队,差评,24,几个,21
雷霆特工队,差评,25,场面,20
雷霆特工队,差评,26,心理,18
雷霆特工队,差评,27,不能,18
雷霆特工队,差评,28,完全,18
雷霆特工队,差评,29,现在,18
雷霆特工队,差评,30,复仇者联盟,18
雷霆特工队,差评,31,美队,18
雷霆特工队,差评,32,创伤,17
雷霆特工队,差评,33,黑寡妇,17
雷霆特工队,差评,34,复联,17
雷霆特工队,差评,35,觉得,17
雷霆特工队,差评,36,有点,17
雷霆特工队,差评,37,塑造,16
雷霆特工队,差评,38,看到,16
雷霆特工队,差评,39,这部,16
雷霆特工队,差评,40,期待,16
雷霆特工队,差评,41,台词,16
雷霆特工队,差评,42,巴基,15
雷霆特工队,差评,43,自杀,15
雷霆特工队,差评,44,起来,15
雷霆特工队,差评,45,电影院,15
雷霆特工队,差评,46,垃圾,15
雷霆特工队,差评,47,模仿大师,15
雷霆特工队,差评,48,好看,15
雷霆特工队,差评,49,作品,14
雷霆特工队,差评,50,虚无,14
雷霆特工队,一般,1,漫威,110
雷霆特工队,一般,2,电影,90
雷霆特工队,一般,3,没有,70
雷霆特工队,一般,4,真的,51
雷霆特工队,一般,5,哨兵,49
雷霆特工队,一般,6,角色,48
雷霆特工队,一般,7,无聊,45
雷霆特工队,一般,8,剧情,43
雷霆特工队,一般,9,反派,32
雷霆特工队,一般,10,最后,32
雷霆特工队,一般,11,小队,30
雷霆特工队,一般,12,一部,29
雷霆特工队,一般,13,已经,29
雷霆特工队,一般,14,动作,28
雷霆特工队,一般,15,冬兵,28
雷霆特工队,一般,16,人物,27
雷霆特工队,一般,17,超英,26
雷霆特工队,一般,18,不是,26
雷霆特工队,一般,19,英雄,24
雷霆特工队,一般,20,故事,22
雷霆特工队,一般,21,感觉,22
雷霆特工队,一般,22,小时,21
雷霆特工队,一般,23,这种,21
雷霆特工队,一般,24,几个,21
雷霆特工队,一般,25,场面,20
雷霆特工队,一般,26,心理,18
雷霆特工队,一般,27,不能,18
雷霆特工队,一般,28,完全,18
雷霆特工队,一般,29,现在,18
雷霆特工队,一般,30,复仇者联盟,18
雷霆特工队,一般,31,美队,18
雷霆特工队,一般,32,创伤,17
雷霆特工队,一般,33,黑寡妇,17
雷霆特工队,一般,34,复联,17
雷霆特工队,一般,35,觉得,17
雷霆特工队,一般,36,有点,17
雷霆特工队,一般,37,塑造,16
雷霆特工队,一般,38,看到,16
雷霆特工队,一般,39,这部,16
雷霆特工队,一般,40,期待,16
雷霆特工队,一般,41,台词,16
雷霆特工队,一般,42,巴基,15
雷霆特工队,一般,43,自杀,15
雷霆特工队,一般,44,起来,15
雷霆特工队,一般,45,电影院,15
雷霆特工队,一般,46,垃圾,15
雷霆特工队,一般,47,模仿大师,15
雷霆特工队,一般,48,好看,15
雷霆特工队,一般,49,作品,14
雷霆特工队,一般,50,虚无,14
